image,name,label
D:/Study_tests/face_recognition/dataset/alan\00000000.jpg,alan,False
D:/Study_tests/face_recognition/dataset/alan\00000001.jpg,alan,False
D:/Study_tests/face_recognition/dataset/alan\00000002.jpg,alan,False
D:/Study_tests/face_recognition/dataset/alan\00000003.jpg,alan,False
D:/Study_tests/face_recognition/dataset/alan\00000004.jpg,alan,False
D:/Study_tests/face_recognition/dataset/alan\00000005.jpg,alan,False
D:/Study_tests/face_recognition/dataset/alan\00000006.jpg,alan,False
D:/Study_tests/face_recognition/dataset/alan\00000007.jpg,alan,False
D:/Study_tests/face_recognition/dataset/alan\00000008.jpg,alan,False
D:/Study_tests/face_recognition/dataset/alan\00000009.jpg,alan,False
D:/Study_tests/face_recognition/dataset/alan\00000010.jpg,alan,False
D:/Study_tests/face_recognition/dataset/alan\00000011.jpg,alan,False
D:/Study_tests/face_recognition/dataset/alan\00000012.jpg,alan,False
D:/Study_tests/face_recognition/dataset/alan\00000013.jpg,alan,False
D:/Study_tests/face_recognition/dataset/alan\00000014.jpg,alan,False
D:/Study_tests/face_recognition/dataset/alan\00000015.jpg,alan,False
D:/Study_tests/face_recognition/dataset/alan\00000016.jpg,alan,False
D:/Study_tests/face_recognition/dataset/alan\00000017.jpg,alan,False
D:/Study_tests/face_recognition/dataset/alan\00000018.jpeg,alan,False
D:/Study_tests/face_recognition/dataset/alan\00000019.jpg,alan,False
D:/Study_tests/face_recognition/dataset/alan\00000020.jpg,alan,False
D:/Study_tests/face_recognition/dataset/alan\00000021.jpg,alan,False
D:/Study_tests/face_recognition/dataset/alan\00000022.jpg,alan,False
D:/Study_tests/face_recognition/dataset/alan\00000023.jpg,alan,False
D:/Study_tests/face_recognition/dataset/alan\00000024.jpg,alan,False
D:/Study_tests/face_recognition/dataset/alan\00000025.jpg,alan,False
D:/Study_tests/face_recognition/dataset/alan\00000026.jpg,alan,False
D:/Study_tests/face_recognition/dataset/alan\00000027.jpg,alan,False
D:/Study_tests/face_recognition/dataset/alan\00000028.jpg,alan,False
D:/Study_tests/face_recognition/dataset/alan\00000029.jpg,alan,False
D:/Study_tests/face_recognition/dataset/alan\00000030.jpg,alan,False
D:/Study_tests/face_recognition/dataset/alan\00000031.jpg,alan,False
D:/Study_tests/face_recognition/dataset/alan\00000032.jpg,alan,False
D:/Study_tests/face_recognition/dataset/alan\00000033.jpg,alan,False
D:/Study_tests/face_recognition/dataset/alan\00000034.jpg,alan,False
D:/Study_tests/face_recognition/dataset/alan\00000035.jpg,alan,False
D:/Study_tests/face_recognition/dataset/alan\00000036.jpg,alan,False
D:/Study_tests/face_recognition/dataset/alan\00000037.jpg,alan,False
D:/Study_tests/face_recognition/dataset/alan\00000038.jpg,alan,False
D:/Study_tests/face_recognition/dataset/alan\00000039.jpg,alan,False
D:/Study_tests/face_recognition/dataset/alan\00000040.jpg,alan,False
D:/Study_tests/face_recognition/dataset/alan\00000041.jpg,alan,False
D:/Study_tests/face_recognition/dataset/alan\00000042.jpg,alan,False
D:/Study_tests/face_recognition/dataset/alan\00000043.jpg,alan,False
D:/Study_tests/face_recognition/dataset/alan\00000044.jpg,alan,False
D:/Study_tests/face_recognition/dataset/alan\00000045.jpg,alan,False
D:/Study_tests/face_recognition/dataset/alan\00000046.jpg,alan,False
D:/Study_tests/face_recognition/dataset/alan\00000047.jpg,alan,False
D:/Study_tests/face_recognition/dataset/alan\00000048.jpg,alan,False
D:/Study_tests/face_recognition/dataset/alan\00000049.jpg,alan,False
D:/Study_tests/face_recognition/dataset/alan\00000050.jpg,alan,False
D:/Study_tests/face_recognition/dataset/alan\00000051.jpg,alan,False
D:/Study_tests/face_recognition/dataset/alan\00000052.jpg,alan,False
D:/Study_tests/face_recognition/dataset/alan\00000053.jpg,alan,False
D:/Study_tests/face_recognition/dataset/alan\00000054.jpg,alan,False
D:/Study_tests/face_recognition/dataset/alan\00000055.jpg,alan,False
D:/Study_tests/face_recognition/dataset/alan\00000056.jpg,alan,False
D:/Study_tests/face_recognition/dataset/alan\00000057.jpg,alan,False
D:/Study_tests/face_recognition/dataset/alan\00000058.jpg,alan,False
D:/Study_tests/face_recognition/dataset/alan\00000059.jpg,alan,False
D:/Study_tests/face_recognition/dataset/alan\00000060.jpg,alan,False
D:/Study_tests/face_recognition/dataset/alan\00000061.jpg,alan,False
D:/Study_tests/face_recognition/dataset/alan\00000062.jpg,alan,False
D:/Study_tests/face_recognition/dataset/alan\00000063.jpg,alan,False
D:/Study_tests/face_recognition/dataset/alan\00000064.jpg,alan,False
D:/Study_tests/face_recognition/dataset/alan\00000065.jpg,alan,False
D:/Study_tests/face_recognition/dataset/alan\00000066.jpg,alan,False
D:/Study_tests/face_recognition/dataset/alan\00000067.jpg,alan,False
D:/Study_tests/face_recognition/dataset/alan\00000068.jpg,alan,False
D:/Study_tests/face_recognition/dataset/alan\00000069.jpg,alan,False
D:/Study_tests/face_recognition/dataset/alan\00000070.jpg,alan,False
D:/Study_tests/face_recognition/dataset/alan\00000071.jpg,alan,False
D:/Study_tests/face_recognition/dataset/alan\00000072.jpg,alan,False
D:/Study_tests/face_recognition/dataset/alan\00000073.jpg,alan,False
D:/Study_tests/face_recognition/dataset/alan\00000074.jpg,alan,False
D:/Study_tests/face_recognition/dataset/alan\00000075.jpeg,alan,False
D:/Study_tests/face_recognition/dataset/alan\00000076.jpg,alan,False
D:/Study_tests/face_recognition/dataset/alan\00000077.jpg,alan,False
D:/Study_tests/face_recognition/dataset/alan\00000078.jpg,alan,False
D:/Study_tests/face_recognition/dataset/alan\00000079.jpg,alan,False
D:/Study_tests/face_recognition/dataset/alan\00000080.jpg,alan,False
D:/Study_tests/face_recognition/dataset/alan\00000081.jpg,alan,False
D:/Study_tests/face_recognition/dataset/alan\00000082.jpg,alan,False
D:/Study_tests/face_recognition/dataset/alan\00000083.jpg,alan,False
D:/Study_tests/face_recognition/dataset/alan\00000084.jpg,alan,False
D:/Study_tests/face_recognition/dataset/alan\00000085.jpg,alan,False
D:/Study_tests/face_recognition/dataset/alan\00000086.jpg,alan,False
D:/Study_tests/face_recognition/dataset/alan\00000087.jpg,alan,False
D:/Study_tests/face_recognition/dataset/alan\00000088.jpg,alan,False
D:/Study_tests/face_recognition/dataset/alan\00000089.jpg,alan,False
D:/Study_tests/face_recognition/dataset/alan\00000090.jpg,alan,False
D:/Study_tests/face_recognition/dataset/alan\00000091.jpg,alan,False
D:/Study_tests/face_recognition/dataset/alan\00000092.jpg,alan,False
D:/Study_tests/face_recognition/dataset/alan\00000093.jpg,alan,False
D:/Study_tests/face_recognition/dataset/alan\00000094.jpg,alan,False
D:/Study_tests/face_recognition/dataset/alan\00000095.jpg,alan,False
D:/Study_tests/face_recognition/dataset/alan\00000096.jpg,alan,False
D:/Study_tests/face_recognition/dataset/alan\00000097.jpg,alan,False
D:/Study_tests/face_recognition/dataset/alan\00000098.jpg,alan,False
D:/Study_tests/face_recognition/dataset/alan\00000099.jpg,alan,False
D:/Study_tests/face_recognition/dataset/alan\00000100.jpg,alan,False
D:/Study_tests/face_recognition/dataset/alan\00000101.jpg,alan,False
D:/Study_tests/face_recognition/dataset/alan\00000102.jpg,alan,False
D:/Study_tests/face_recognition/dataset/alan\00000103.jpg,alan,False
D:/Study_tests/face_recognition/dataset/alan\00000104.jpg,alan,False
D:/Study_tests/face_recognition/dataset/alan\00000105.jpg,alan,False
D:/Study_tests/face_recognition/dataset/alan\00000106.jpg,alan,False
D:/Study_tests/face_recognition/dataset/alan\00000107.jpg,alan,False
D:/Study_tests/face_recognition/dataset/alan\00000108.jpg,alan,False
D:/Study_tests/face_recognition/dataset/alan\00000109.jpg,alan,False
D:/Study_tests/face_recognition/dataset/alan\00000110.jpg,alan,False
D:/Study_tests/face_recognition/dataset/alan\00000111.jpg,alan,False
D:/Study_tests/face_recognition/dataset/alan\00000112.jpg,alan,False
D:/Study_tests/face_recognition/dataset/alan\00000113.jpg,alan,False
D:/Study_tests/face_recognition/dataset/alan\00000114.jpg,alan,False
D:/Study_tests/face_recognition/dataset/alan\00000115.jpg,alan,False
D:/Study_tests/face_recognition/dataset/alan\00000116.jpg,alan,False
D:/Study_tests/face_recognition/dataset/alan\00000117.jpg,alan,False
D:/Study_tests/face_recognition/dataset/alan\00000118.jpg,alan,False
D:/Study_tests/face_recognition/dataset/alan\00000119.jpg,alan,False
D:/Study_tests/face_recognition/dataset/alan\00000120.jpg,alan,False
D:/Study_tests/face_recognition/dataset/alan\00000121.jpg,alan,False
D:/Study_tests/face_recognition/dataset/alan\00000122.jpg,alan,False
D:/Study_tests/face_recognition/dataset/alan\00000123.jpg,alan,False
D:/Study_tests/face_recognition/dataset/alan\00000124.jpg,alan,False
D:/Study_tests/face_recognition/dataset/alan\00000125.jpg,alan,False
D:/Study_tests/face_recognition/dataset/alan\00000126.jpg,alan,False
D:/Study_tests/face_recognition/dataset/alan\00000127.jpg,alan,False
D:/Study_tests/face_recognition/dataset/alan\00000128.jpg,alan,False
D:/Study_tests/face_recognition/dataset/alan\00000129.jpg,alan,False
D:/Study_tests/face_recognition/dataset/alan\00000130.jpg,alan,False
D:/Study_tests/face_recognition/dataset/alan\00000131.jpg,alan,False
D:/Study_tests/face_recognition/dataset/alan\00000132.jpg,alan,False
D:/Study_tests/face_recognition/dataset/alan\00000133.jpg,alan,False
D:/Study_tests/face_recognition/dataset/alan\00000134.jpg,alan,False
D:/Study_tests/face_recognition/dataset/alan\00000135.jpg,alan,False
D:/Study_tests/face_recognition/dataset/alan\00000136.jpg,alan,False
D:/Study_tests/face_recognition/dataset/alan\00000137.jpg,alan,False
D:/Study_tests/face_recognition/dataset/alan\00000138.jpg,alan,False
D:/Study_tests/face_recognition/dataset/alan\00000139.jpg,alan,False
D:/Study_tests/face_recognition/dataset/alan\00000140.jpg,alan,False
D:/Study_tests/face_recognition/dataset/alan\00000141.jpg,alan,False
D:/Study_tests/face_recognition/dataset/alan\00000142.jpg,alan,False
D:/Study_tests/face_recognition/dataset/alan\00000143.jpg,alan,False
D:/Study_tests/face_recognition/dataset/alan\00000144.jpg,alan,False
D:/Study_tests/face_recognition/dataset/alan\00000145.jpg,alan,False
D:/Study_tests/face_recognition/dataset/alan\00000146.jpg,alan,False
D:/Study_tests/face_recognition/dataset/alan\00000147.jpg,alan,False
D:/Study_tests/face_recognition/dataset/alan\00000148.jpg,alan,False
D:/Study_tests/face_recognition/dataset/alan\00000149.jpg,alan,False
D:/Study_tests/face_recognition/dataset/alan\00000150.jpg,alan,False
D:/Study_tests/face_recognition/dataset/alan\00000151.jpg,alan,False
D:/Study_tests/face_recognition/dataset/alan\00000152.jpg,alan,False
D:/Study_tests/face_recognition/dataset/alan\00000153.jpg,alan,False
D:/Study_tests/face_recognition/dataset/alan\00000154.jpg%3Fw%3D399,alan,False
D:/Study_tests/face_recognition/dataset/alan\00000155.jpg,alan,False
D:/Study_tests/face_recognition/dataset/alan\00000156.jpg,alan,False
D:/Study_tests/face_recognition/dataset/alan\00000157.jpg,alan,False
D:/Study_tests/face_recognition/dataset/alan\00000158.jpg,alan,False
D:/Study_tests/face_recognition/dataset/alan\00000159.jpg,alan,False
D:/Study_tests/face_recognition/dataset/alan\00000160.jpg,alan,False
D:/Study_tests/face_recognition/dataset/alan\00000161.jpg,alan,False
D:/Study_tests/face_recognition/dataset/alan\00000162.jpg,alan,False
D:/Study_tests/face_recognition/dataset/alan\00000163.jpg,alan,False
D:/Study_tests/face_recognition/dataset/alan\00000164.jpg,alan,False
D:/Study_tests/face_recognition/dataset/alan\00000165.jpg,alan,False
D:/Study_tests/face_recognition/dataset/alan\00000166.jpg,alan,False
D:/Study_tests/face_recognition/dataset/alan\00000167.jpg,alan,False
D:/Study_tests/face_recognition/dataset/alan\00000168.jpg,alan,False
D:/Study_tests/face_recognition/dataset/alan\00000169.jpg,alan,False
D:/Study_tests/face_recognition/dataset/alan\00000170.jpg,alan,False
D:/Study_tests/face_recognition/dataset/alan\00000171.jpg,alan,False
D:/Study_tests/face_recognition/dataset/alan\00000172.jpg,alan,False
D:/Study_tests/face_recognition/dataset/alan\00000173.png,alan,False
D:/Study_tests/face_recognition/dataset/alan\00000174.jpg,alan,False
D:/Study_tests/face_recognition/dataset/alan\00000175.jpg,alan,False
D:/Study_tests/face_recognition/dataset/alan\00000176.jpg,alan,False
D:/Study_tests/face_recognition/dataset/alan\00000177.jpg,alan,False
D:/Study_tests/face_recognition/dataset/alan\00000178.jpg,alan,False
D:/Study_tests/face_recognition/dataset/alan\00000179.jpg,alan,False
D:/Study_tests/face_recognition/dataset/alan\00000180.jpg,alan,False
D:/Study_tests/face_recognition/dataset/alan\00000181.jpg,alan,False
D:/Study_tests/face_recognition/dataset/alan\00000182.jpg,alan,False
D:/Study_tests/face_recognition/dataset/alan\00000183.jpg,alan,False
D:/Study_tests/face_recognition/dataset/alan\00000184.jpg,alan,False
D:/Study_tests/face_recognition/dataset/alan\00000185.jpg,alan,False
D:/Study_tests/face_recognition/dataset/alan\00000186.jpg,alan,False
D:/Study_tests/face_recognition/dataset/alan\00000187.jpg,alan,False
D:/Study_tests/face_recognition/dataset/alan\00000188.jpg%3Fw%3D399,alan,False
D:/Study_tests/face_recognition/dataset/alan\00000189.jpg,alan,False
D:/Study_tests/face_recognition/dataset/alan\00000190.jpg,alan,False
D:/Study_tests/face_recognition/dataset/alan\00000191.jpg,alan,False
D:/Study_tests/face_recognition/dataset/alan\00000192.jpg,alan,False
D:/Study_tests/face_recognition/dataset/alan\00000193.jpg,alan,False
D:/Study_tests/face_recognition/dataset/alan\00000194.jpg,alan,False
D:/Study_tests/face_recognition/dataset/alan\00000195.jpg,alan,False
D:/Study_tests/face_recognition/dataset/alan\00000196.jpg,alan,False
D:/Study_tests/face_recognition/dataset/alan\00000197.jpg,alan,False
D:/Study_tests/face_recognition/dataset/alan\00000198.jpg,alan,False
D:/Study_tests/face_recognition/dataset/daniel\00000000.jpg,daniel,False
D:/Study_tests/face_recognition/dataset/daniel\00000001.jpg,daniel,False
D:/Study_tests/face_recognition/dataset/daniel\00000002.jpg,daniel,False
D:/Study_tests/face_recognition/dataset/daniel\00000003.jpg,daniel,False
D:/Study_tests/face_recognition/dataset/daniel\00000003.png,daniel,False
D:/Study_tests/face_recognition/dataset/daniel\00000004.jpg,daniel,False
D:/Study_tests/face_recognition/dataset/daniel\00000005.jpg,daniel,False
D:/Study_tests/face_recognition/dataset/daniel\00000006.jpg,daniel,False
D:/Study_tests/face_recognition/dataset/daniel\00000006.png,daniel,False
D:/Study_tests/face_recognition/dataset/daniel\00000007.jpg,daniel,False
D:/Study_tests/face_recognition/dataset/daniel\00000008.jpg,daniel,False
D:/Study_tests/face_recognition/dataset/daniel\00000009.jpg,daniel,False
D:/Study_tests/face_recognition/dataset/daniel\00000010.jpg,daniel,False
D:/Study_tests/face_recognition/dataset/daniel\00000011.jpg,daniel,False
D:/Study_tests/face_recognition/dataset/daniel\00000012.jpg,daniel,False
D:/Study_tests/face_recognition/dataset/daniel\00000013.jpg,daniel,False
D:/Study_tests/face_recognition/dataset/daniel\00000014.jpg,daniel,False
D:/Study_tests/face_recognition/dataset/daniel\00000014.png,daniel,False
D:/Study_tests/face_recognition/dataset/daniel\00000015.jpg,daniel,False
D:/Study_tests/face_recognition/dataset/daniel\00000016.jpg,daniel,False
D:/Study_tests/face_recognition/dataset/daniel\00000017.jpg,daniel,False
D:/Study_tests/face_recognition/dataset/daniel\00000018.jpg,daniel,False
D:/Study_tests/face_recognition/dataset/daniel\00000019.jpg,daniel,False
D:/Study_tests/face_recognition/dataset/daniel\00000019.png,daniel,False
D:/Study_tests/face_recognition/dataset/daniel\00000020.jpg,daniel,False
D:/Study_tests/face_recognition/dataset/daniel\00000021.jpg,daniel,False
D:/Study_tests/face_recognition/dataset/daniel\00000022.jpg,daniel,False
D:/Study_tests/face_recognition/dataset/daniel\00000023.jpg,daniel,False
D:/Study_tests/face_recognition/dataset/daniel\00000024.jpg,daniel,False
D:/Study_tests/face_recognition/dataset/daniel\00000025.jpg,daniel,False
D:/Study_tests/face_recognition/dataset/daniel\00000026.jpg,daniel,False
D:/Study_tests/face_recognition/dataset/daniel\00000027.jpg,daniel,False
D:/Study_tests/face_recognition/dataset/daniel\00000028.jpg,daniel,False
D:/Study_tests/face_recognition/dataset/daniel\00000029.jpg,daniel,False
D:/Study_tests/face_recognition/dataset/daniel\00000030.jpg,daniel,False
D:/Study_tests/face_recognition/dataset/daniel\00000031.jpg,daniel,False
D:/Study_tests/face_recognition/dataset/daniel\00000032.jpg,daniel,False
D:/Study_tests/face_recognition/dataset/daniel\00000033.jpg,daniel,False
D:/Study_tests/face_recognition/dataset/daniel\00000034.jpg,daniel,False
D:/Study_tests/face_recognition/dataset/daniel\00000035.jpg,daniel,False
D:/Study_tests/face_recognition/dataset/daniel\00000036.jpg,daniel,False
D:/Study_tests/face_recognition/dataset/daniel\00000037.jpg,daniel,False
D:/Study_tests/face_recognition/dataset/daniel\00000038.png,daniel,False
D:/Study_tests/face_recognition/dataset/daniel\00000039.jpg,daniel,False
D:/Study_tests/face_recognition/dataset/daniel\00000040.JPG,daniel,False
D:/Study_tests/face_recognition/dataset/daniel\00000041.jpg,daniel,False
D:/Study_tests/face_recognition/dataset/daniel\00000042.jpg,daniel,False
D:/Study_tests/face_recognition/dataset/daniel\00000043.jpg,daniel,False
D:/Study_tests/face_recognition/dataset/daniel\00000044.jpg,daniel,False
D:/Study_tests/face_recognition/dataset/daniel\00000045.jpg,daniel,False
D:/Study_tests/face_recognition/dataset/daniel\00000046.jpg,daniel,False
D:/Study_tests/face_recognition/dataset/daniel\00000047.jpg,daniel,False
D:/Study_tests/face_recognition/dataset/daniel\00000048.jpg,daniel,False
D:/Study_tests/face_recognition/dataset/daniel\00000049.jpg,daniel,False
D:/Study_tests/face_recognition/dataset/daniel\00000050.jpg,daniel,False
D:/Study_tests/face_recognition/dataset/daniel\00000051.jpg,daniel,False
D:/Study_tests/face_recognition/dataset/daniel\00000052.jpg,daniel,False
D:/Study_tests/face_recognition/dataset/daniel\00000053.jpg,daniel,False
D:/Study_tests/face_recognition/dataset/daniel\00000054.jpg,daniel,False
D:/Study_tests/face_recognition/dataset/daniel\00000055.jpg,daniel,False
D:/Study_tests/face_recognition/dataset/daniel\00000056.jpg,daniel,False
D:/Study_tests/face_recognition/dataset/daniel\00000057.jpg,daniel,False
D:/Study_tests/face_recognition/dataset/daniel\00000058.jpg,daniel,False
D:/Study_tests/face_recognition/dataset/daniel\00000059.jpg,daniel,False
D:/Study_tests/face_recognition/dataset/daniel\00000060.jpg,daniel,False
D:/Study_tests/face_recognition/dataset/daniel\00000061.jpg,daniel,False
D:/Study_tests/face_recognition/dataset/daniel\00000062.jpg,daniel,False
D:/Study_tests/face_recognition/dataset/daniel\00000063.jpg,daniel,False
D:/Study_tests/face_recognition/dataset/daniel\00000064.jpg,daniel,False
D:/Study_tests/face_recognition/dataset/daniel\00000065.jpg,daniel,False
D:/Study_tests/face_recognition/dataset/daniel\00000066.jpg,daniel,False
D:/Study_tests/face_recognition/dataset/daniel\00000067.jpg,daniel,False
D:/Study_tests/face_recognition/dataset/daniel\00000068.jpg,daniel,False
D:/Study_tests/face_recognition/dataset/daniel\00000069.jpg,daniel,False
D:/Study_tests/face_recognition/dataset/daniel\00000070.jpg,daniel,False
D:/Study_tests/face_recognition/dataset/daniel\00000071.jpeg,daniel,False
D:/Study_tests/face_recognition/dataset/daniel\00000072.jpg,daniel,False
D:/Study_tests/face_recognition/dataset/daniel\00000073.jpg,daniel,False
D:/Study_tests/face_recognition/dataset/daniel\00000074.jpg,daniel,False
D:/Study_tests/face_recognition/dataset/daniel\00000075.jpg,daniel,False
D:/Study_tests/face_recognition/dataset/daniel\00000076.jpg,daniel,False
D:/Study_tests/face_recognition/dataset/daniel\00000077.jpg,daniel,False
D:/Study_tests/face_recognition/dataset/daniel\00000078.jpg,daniel,False
D:/Study_tests/face_recognition/dataset/daniel\00000079.jpg,daniel,False
D:/Study_tests/face_recognition/dataset/daniel\00000080.jpg,daniel,False
D:/Study_tests/face_recognition/dataset/daniel\00000081.jpg,daniel,False
D:/Study_tests/face_recognition/dataset/daniel\00000082.JPG,daniel,False
D:/Study_tests/face_recognition/dataset/daniel\00000083.jpg,daniel,False
D:/Study_tests/face_recognition/dataset/daniel\00000084.jpg,daniel,False
D:/Study_tests/face_recognition/dataset/daniel\00000085.jpg,daniel,False
D:/Study_tests/face_recognition/dataset/daniel\00000086.jpg,daniel,False
D:/Study_tests/face_recognition/dataset/daniel\00000087.png,daniel,False
D:/Study_tests/face_recognition/dataset/daniel\00000088.png,daniel,False
D:/Study_tests/face_recognition/dataset/daniel\00000089.jpg,daniel,False
D:/Study_tests/face_recognition/dataset/daniel\00000090.jpg,daniel,False
D:/Study_tests/face_recognition/dataset/daniel\00000091.jpg,daniel,False
D:/Study_tests/face_recognition/dataset/daniel\00000092.jpg,daniel,False
D:/Study_tests/face_recognition/dataset/daniel\00000093.jpg,daniel,False
D:/Study_tests/face_recognition/dataset/daniel\00000094.jpg,daniel,False
D:/Study_tests/face_recognition/dataset/daniel\00000095.jpg,daniel,False
D:/Study_tests/face_recognition/dataset/daniel\00000096.jpg,daniel,False
D:/Study_tests/face_recognition/dataset/daniel\00000097.jpg,daniel,False
D:/Study_tests/face_recognition/dataset/daniel\00000098.jpg,daniel,False
D:/Study_tests/face_recognition/dataset/daniel\00000099.jpg,daniel,False
D:/Study_tests/face_recognition/dataset/daniel\00000100.jpg,daniel,False
D:/Study_tests/face_recognition/dataset/daniel\00000101.jpg,daniel,False
D:/Study_tests/face_recognition/dataset/daniel\00000102.jpg,daniel,False
D:/Study_tests/face_recognition/dataset/daniel\00000103.jpg,daniel,False
D:/Study_tests/face_recognition/dataset/daniel\00000104.jpg,daniel,False
D:/Study_tests/face_recognition/dataset/daniel\00000105.jpg,daniel,False
D:/Study_tests/face_recognition/dataset/daniel\00000106.jpeg,daniel,False
D:/Study_tests/face_recognition/dataset/daniel\00000107.jpg,daniel,False
D:/Study_tests/face_recognition/dataset/daniel\00000108.jpg,daniel,False
D:/Study_tests/face_recognition/dataset/daniel\00000109.jpg,daniel,False
D:/Study_tests/face_recognition/dataset/daniel\00000110.jpg,daniel,False
D:/Study_tests/face_recognition/dataset/daniel\00000111.jpg,daniel,False
D:/Study_tests/face_recognition/dataset/daniel\00000112.jpg,daniel,False
D:/Study_tests/face_recognition/dataset/daniel\00000113.jpg,daniel,False
D:/Study_tests/face_recognition/dataset/daniel\00000114.jpg,daniel,False
D:/Study_tests/face_recognition/dataset/daniel\00000115.jpg,daniel,False
D:/Study_tests/face_recognition/dataset/daniel\00000116.jpg,daniel,False
D:/Study_tests/face_recognition/dataset/daniel\00000117.jpg,daniel,False
D:/Study_tests/face_recognition/dataset/daniel\00000118.jpg,daniel,False
D:/Study_tests/face_recognition/dataset/daniel\00000119.jpg,daniel,False
D:/Study_tests/face_recognition/dataset/daniel\00000120.jpg,daniel,False
D:/Study_tests/face_recognition/dataset/daniel\00000121.jpg,daniel,False
D:/Study_tests/face_recognition/dataset/daniel\00000122.jpg,daniel,False
D:/Study_tests/face_recognition/dataset/daniel\00000123.jpg,daniel,False
D:/Study_tests/face_recognition/dataset/daniel\00000124.jpg,daniel,False
D:/Study_tests/face_recognition/dataset/daniel\00000125.jpg,daniel,False
D:/Study_tests/face_recognition/dataset/daniel\00000126.jpg,daniel,False
D:/Study_tests/face_recognition/dataset/daniel\00000127.jpg,daniel,False
D:/Study_tests/face_recognition/dataset/daniel\00000128.png,daniel,False
D:/Study_tests/face_recognition/dataset/daniel\00000129.jpg,daniel,False
D:/Study_tests/face_recognition/dataset/daniel\00000130.png,daniel,False
D:/Study_tests/face_recognition/dataset/daniel\00000131.jpg,daniel,False
D:/Study_tests/face_recognition/dataset/daniel\00000132.jpg,daniel,False
D:/Study_tests/face_recognition/dataset/daniel\00000133.jpg,daniel,False
D:/Study_tests/face_recognition/dataset/daniel\00000134.jpg,daniel,False
D:/Study_tests/face_recognition/dataset/daniel\00000135.jpg,daniel,False
D:/Study_tests/face_recognition/dataset/daniel\00000136.jpg,daniel,False
D:/Study_tests/face_recognition/dataset/daniel\00000137.jpg,daniel,False
D:/Study_tests/face_recognition/dataset/daniel\00000138.jpg,daniel,False
D:/Study_tests/face_recognition/dataset/daniel\00000139.jpg,daniel,False
D:/Study_tests/face_recognition/dataset/daniel\00000140.jpg,daniel,False
D:/Study_tests/face_recognition/dataset/daniel\00000141.jpg,daniel,False
D:/Study_tests/face_recognition/dataset/daniel\00000142.jpg,daniel,False
D:/Study_tests/face_recognition/dataset/daniel\00000143.jpg,daniel,False
D:/Study_tests/face_recognition/dataset/daniel\00000144.jpg,daniel,False
D:/Study_tests/face_recognition/dataset/daniel\00000145.jpg,daniel,False
D:/Study_tests/face_recognition/dataset/daniel\00000146.jpg,daniel,False
D:/Study_tests/face_recognition/dataset/daniel\00000147.jpg,daniel,False
D:/Study_tests/face_recognition/dataset/daniel\00000148.jpg,daniel,False
D:/Study_tests/face_recognition/dataset/daniel\00000149.jpg,daniel,False
D:/Study_tests/face_recognition/dataset/daniel\00000150.jpg,daniel,False
D:/Study_tests/face_recognition/dataset/daniel\00000151.jpg,daniel,False
D:/Study_tests/face_recognition/dataset/daniel\00000152.jpg,daniel,False
D:/Study_tests/face_recognition/dataset/daniel\00000153.jpg,daniel,False
D:/Study_tests/face_recognition/dataset/daniel\00000155.jpg,daniel,False
D:/Study_tests/face_recognition/dataset/daniel\00000157.jpg,daniel,False
D:/Study_tests/face_recognition/dataset/daniel\00000158.jpg,daniel,False
D:/Study_tests/face_recognition/dataset/daniel\00000159.jpg,daniel,False
D:/Study_tests/face_recognition/dataset/daniel\00000160.jpg,daniel,False
D:/Study_tests/face_recognition/dataset/daniel\00000161.jpg,daniel,False
D:/Study_tests/face_recognition/dataset/daniel\00000162.jpg,daniel,False
D:/Study_tests/face_recognition/dataset/daniel\00000163.jpg,daniel,False
D:/Study_tests/face_recognition/dataset/daniel\00000164.jpg,daniel,False
D:/Study_tests/face_recognition/dataset/daniel\00000165.jpg,daniel,False
D:/Study_tests/face_recognition/dataset/daniel\00000166.jpg,daniel,False
D:/Study_tests/face_recognition/dataset/daniel\00000167.jpg,daniel,False
D:/Study_tests/face_recognition/dataset/daniel\00000168.jpg,daniel,False
D:/Study_tests/face_recognition/dataset/daniel\00000169.jpg,daniel,False
D:/Study_tests/face_recognition/dataset/daniel\00000170.jpg,daniel,False
D:/Study_tests/face_recognition/dataset/daniel\00000171.jpg,daniel,False
D:/Study_tests/face_recognition/dataset/daniel\00000172.png,daniel,False
D:/Study_tests/face_recognition/dataset/daniel\00000173.jpg,daniel,False
D:/Study_tests/face_recognition/dataset/daniel\00000174.jpg,daniel,False
D:/Study_tests/face_recognition/dataset/daniel\00000175.jpg,daniel,False
D:/Study_tests/face_recognition/dataset/daniel\00000176.jpg,daniel,False
D:/Study_tests/face_recognition/dataset/daniel\00000177.jpg,daniel,False
D:/Study_tests/face_recognition/dataset/daniel\00000178.jpg,daniel,False
D:/Study_tests/face_recognition/dataset/daniel\00000179.jpg,daniel,False
D:/Study_tests/face_recognition/dataset/daniel\00000180.jpg,daniel,False
D:/Study_tests/face_recognition/dataset/daniel\00000181.jpeg,daniel,False
D:/Study_tests/face_recognition/dataset/daniel\00000182.jpg,daniel,False
D:/Study_tests/face_recognition/dataset/daniel\00000183.jpg,daniel,False
D:/Study_tests/face_recognition/dataset/daniel\00000184.jpg,daniel,False
D:/Study_tests/face_recognition/dataset/daniel\00000185.jpg,daniel,False
D:/Study_tests/face_recognition/dataset/daniel\00000186.jpg,daniel,False
D:/Study_tests/face_recognition/dataset/daniel\00000187.jpg,daniel,False
D:/Study_tests/face_recognition/dataset/daniel\00000188.jpg,daniel,False
D:/Study_tests/face_recognition/dataset/daniel\00000189.jpg,daniel,False
D:/Study_tests/face_recognition/dataset/daniel\00000190.jpeg,daniel,False
D:/Study_tests/face_recognition/dataset/daniel\00000191.jpg,daniel,False
D:/Study_tests/face_recognition/dataset/daniel\00000192.jpg,daniel,False
D:/Study_tests/face_recognition/dataset/daniel\00000193.JPG,daniel,False
D:/Study_tests/face_recognition/dataset/daniel\00000194.jpg,daniel,False
D:/Study_tests/face_recognition/dataset/daniel\00000195.jpg,daniel,False
D:/Study_tests/face_recognition/dataset/daniel\00000196.jpg,daniel,False
D:/Study_tests/face_recognition/dataset/emma\00000000.jpg,emma,True
D:/Study_tests/face_recognition/dataset/emma\00000003.jpg,emma,True
D:/Study_tests/face_recognition/dataset/emma\00000004.jpg,emma,True
D:/Study_tests/face_recognition/dataset/emma\00000005.jpg,emma,True
D:/Study_tests/face_recognition/dataset/emma\00000006.jpg,emma,True
D:/Study_tests/face_recognition/dataset/emma\00000007.jpg,emma,True
D:/Study_tests/face_recognition/dataset/emma\00000008.jpg,emma,True
D:/Study_tests/face_recognition/dataset/emma\00000009.jpeg,emma,True
D:/Study_tests/face_recognition/dataset/emma\00000010.jpg,emma,True
D:/Study_tests/face_recognition/dataset/emma\00000011.jpg,emma,True
D:/Study_tests/face_recognition/dataset/emma\00000012.jpg,emma,True
D:/Study_tests/face_recognition/dataset/emma\00000013.jpg,emma,True
D:/Study_tests/face_recognition/dataset/emma\00000014.jpg,emma,True
D:/Study_tests/face_recognition/dataset/emma\00000015.jpg,emma,True
D:/Study_tests/face_recognition/dataset/emma\00000016.jpg,emma,True
D:/Study_tests/face_recognition/dataset/emma\00000017.jpg,emma,True
D:/Study_tests/face_recognition/dataset/emma\00000018.jpg,emma,True
D:/Study_tests/face_recognition/dataset/emma\00000019.jpg,emma,True
D:/Study_tests/face_recognition/dataset/emma\00000020.jpg,emma,True
D:/Study_tests/face_recognition/dataset/emma\00000021.jpg,emma,True
D:/Study_tests/face_recognition/dataset/emma\00000022.jpg,emma,True
D:/Study_tests/face_recognition/dataset/emma\00000023.jpg,emma,True
D:/Study_tests/face_recognition/dataset/emma\00000024.jpg,emma,True
D:/Study_tests/face_recognition/dataset/emma\00000025.jpg,emma,True
D:/Study_tests/face_recognition/dataset/emma\00000026.jpg,emma,True
D:/Study_tests/face_recognition/dataset/emma\00000027.jpg,emma,True
D:/Study_tests/face_recognition/dataset/emma\00000028.jpg,emma,True
D:/Study_tests/face_recognition/dataset/emma\00000029.jpg,emma,True
D:/Study_tests/face_recognition/dataset/emma\00000030.jpg,emma,True
D:/Study_tests/face_recognition/dataset/emma\00000031.jpg,emma,True
D:/Study_tests/face_recognition/dataset/emma\00000032.jpg,emma,True
D:/Study_tests/face_recognition/dataset/emma\00000033.jpg,emma,True
D:/Study_tests/face_recognition/dataset/emma\00000034.jpg,emma,True
D:/Study_tests/face_recognition/dataset/emma\00000035.jpg,emma,True
D:/Study_tests/face_recognition/dataset/emma\00000036.jpg,emma,True
D:/Study_tests/face_recognition/dataset/emma\00000037.jpg,emma,True
D:/Study_tests/face_recognition/dataset/emma\00000038.jpg,emma,True
D:/Study_tests/face_recognition/dataset/emma\00000039.jpg,emma,True
D:/Study_tests/face_recognition/dataset/emma\00000040.jpg,emma,True
D:/Study_tests/face_recognition/dataset/emma\00000041.jpg,emma,True
D:/Study_tests/face_recognition/dataset/emma\00000042.jpg,emma,True
D:/Study_tests/face_recognition/dataset/emma\00000043.jpg,emma,False
D:/Study_tests/face_recognition/dataset/emma\00000044.jpg,emma,True
D:/Study_tests/face_recognition/dataset/emma\00000045.jpg,emma,True
D:/Study_tests/face_recognition/dataset/emma\00000046.jpg,emma,True
D:/Study_tests/face_recognition/dataset/emma\00000047.jpeg,emma,True
D:/Study_tests/face_recognition/dataset/emma\00000048.jpg,emma,True
D:/Study_tests/face_recognition/dataset/emma\00000049.jpg,emma,True
D:/Study_tests/face_recognition/dataset/emma\00000050.jpg,emma,True
D:/Study_tests/face_recognition/dataset/emma\00000051.jpg,emma,True
D:/Study_tests/face_recognition/dataset/emma\00000052.jpg,emma,True
D:/Study_tests/face_recognition/dataset/emma\00000053.jpg,emma,True
D:/Study_tests/face_recognition/dataset/emma\00000054.jpg,emma,True
D:/Study_tests/face_recognition/dataset/emma\00000055.jpg,emma,True
D:/Study_tests/face_recognition/dataset/emma\00000056.jpg,emma,True
D:/Study_tests/face_recognition/dataset/emma\00000057.jpg,emma,True
D:/Study_tests/face_recognition/dataset/emma\00000058.jpg,emma,True
D:/Study_tests/face_recognition/dataset/emma\00000059.jpg,emma,True
D:/Study_tests/face_recognition/dataset/emma\00000060.jpg,emma,True
D:/Study_tests/face_recognition/dataset/emma\00000061.jpg,emma,True
D:/Study_tests/face_recognition/dataset/emma\00000062.jpg,emma,True
D:/Study_tests/face_recognition/dataset/emma\00000063.jpg,emma,True
D:/Study_tests/face_recognition/dataset/emma\00000064.jpg,emma,True
D:/Study_tests/face_recognition/dataset/emma\00000065.jpg,emma,True
D:/Study_tests/face_recognition/dataset/emma\00000066.jpg,emma,True
D:/Study_tests/face_recognition/dataset/emma\00000067.jpg,emma,True
D:/Study_tests/face_recognition/dataset/emma\00000068.jpg,emma,True
D:/Study_tests/face_recognition/dataset/emma\00000069.jpg,emma,True
D:/Study_tests/face_recognition/dataset/emma\00000070.jpg,emma,True
D:/Study_tests/face_recognition/dataset/emma\00000071.jpg,emma,True
D:/Study_tests/face_recognition/dataset/emma\00000072.jpg,emma,True
D:/Study_tests/face_recognition/dataset/emma\00000073.jpg,emma,True
D:/Study_tests/face_recognition/dataset/emma\00000074.jpg,emma,False
D:/Study_tests/face_recognition/dataset/emma\00000075.jpg,emma,True
D:/Study_tests/face_recognition/dataset/emma\00000076.jpg,emma,True
D:/Study_tests/face_recognition/dataset/emma\00000077.jpg,emma,True
D:/Study_tests/face_recognition/dataset/emma\00000078.jpg,emma,True
D:/Study_tests/face_recognition/dataset/emma\00000079.jpg,emma,True
D:/Study_tests/face_recognition/dataset/emma\00000080.jpg,emma,True
D:/Study_tests/face_recognition/dataset/emma\00000082.jpg,emma,True
D:/Study_tests/face_recognition/dataset/emma\00000083.jpg,emma,True
D:/Study_tests/face_recognition/dataset/emma\00000084.jpg,emma,True
D:/Study_tests/face_recognition/dataset/emma\00000085.jpg,emma,True
D:/Study_tests/face_recognition/dataset/emma\00000086.jpg,emma,True
D:/Study_tests/face_recognition/dataset/emma\00000087.jpg,emma,True
D:/Study_tests/face_recognition/dataset/emma\00000088.jpg,emma,True
D:/Study_tests/face_recognition/dataset/emma\00000089.jpg,emma,True
D:/Study_tests/face_recognition/dataset/emma\00000090.jpg,emma,True
D:/Study_tests/face_recognition/dataset/emma\00000091.jpg,emma,True
D:/Study_tests/face_recognition/dataset/emma\00000092.jpg,emma,True
D:/Study_tests/face_recognition/dataset/emma\00000093.jpg,emma,True
D:/Study_tests/face_recognition/dataset/emma\00000094.jpg,emma,True
D:/Study_tests/face_recognition/dataset/emma\00000095.jpg,emma,True
D:/Study_tests/face_recognition/dataset/emma\00000096.jpg,emma,True
D:/Study_tests/face_recognition/dataset/emma\00000097.jpg,emma,True
D:/Study_tests/face_recognition/dataset/emma\00000098.jpg,emma,True
D:/Study_tests/face_recognition/dataset/emma\00000099.jpg,emma,True
D:/Study_tests/face_recognition/dataset/emma\00000100.jpg,emma,True
D:/Study_tests/face_recognition/dataset/emma\00000101.jpg,emma,True
D:/Study_tests/face_recognition/dataset/emma\00000102.jpg,emma,True
D:/Study_tests/face_recognition/dataset/emma\00000103.jpg,emma,True
D:/Study_tests/face_recognition/dataset/emma\00000104.jpg,emma,True
D:/Study_tests/face_recognition/dataset/emma\00000105.jpg,emma,True
D:/Study_tests/face_recognition/dataset/emma\00000106.jpg,emma,True
D:/Study_tests/face_recognition/dataset/emma\00000107.jpg,emma,True
D:/Study_tests/face_recognition/dataset/emma\00000108.jpg,emma,True
D:/Study_tests/face_recognition/dataset/emma\00000109.jpg,emma,True
D:/Study_tests/face_recognition/dataset/emma\00000110.jpg,emma,True
D:/Study_tests/face_recognition/dataset/emma\00000111.jpg,emma,True
D:/Study_tests/face_recognition/dataset/emma\00000112.jpg,emma,True
D:/Study_tests/face_recognition/dataset/emma\00000113.jpg,emma,True
D:/Study_tests/face_recognition/dataset/emma\00000114.jpg,emma,True
D:/Study_tests/face_recognition/dataset/emma\00000115.jpg,emma,True
D:/Study_tests/face_recognition/dataset/emma\00000116.jpg,emma,True
D:/Study_tests/face_recognition/dataset/emma\00000117.jpg,emma,True
D:/Study_tests/face_recognition/dataset/emma\00000118.jpg,emma,True
D:/Study_tests/face_recognition/dataset/emma\00000119.jpg,emma,True
D:/Study_tests/face_recognition/dataset/emma\00000120.jpg,emma,True
D:/Study_tests/face_recognition/dataset/emma\00000121.jpg,emma,True
D:/Study_tests/face_recognition/dataset/emma\00000122.jpg,emma,True
D:/Study_tests/face_recognition/dataset/emma\00000123.jpg,emma,True
D:/Study_tests/face_recognition/dataset/emma\00000124.jpg,emma,True
D:/Study_tests/face_recognition/dataset/emma\00000125.jpg,emma,True
D:/Study_tests/face_recognition/dataset/emma\00000126.jpg,emma,True
D:/Study_tests/face_recognition/dataset/emma\00000127.jpg,emma,True
D:/Study_tests/face_recognition/dataset/emma\00000128.jpg,emma,False
D:/Study_tests/face_recognition/dataset/emma\00000129.jpg,emma,True
D:/Study_tests/face_recognition/dataset/emma\00000130.jpg,emma,True
D:/Study_tests/face_recognition/dataset/emma\00000131.jpg,emma,True
D:/Study_tests/face_recognition/dataset/emma\00000132.jpg,emma,True
D:/Study_tests/face_recognition/dataset/emma\00000133.jpg,emma,True
D:/Study_tests/face_recognition/dataset/emma\00000134.jpg,emma,True
D:/Study_tests/face_recognition/dataset/emma\00000135.jpg,emma,True
D:/Study_tests/face_recognition/dataset/emma\00000136.jpg,emma,True
D:/Study_tests/face_recognition/dataset/emma\00000137.jpg,emma,True
D:/Study_tests/face_recognition/dataset/emma\00000138.jpg,emma,True
D:/Study_tests/face_recognition/dataset/emma\00000139.jpg,emma,True
D:/Study_tests/face_recognition/dataset/emma\00000140.jpg,emma,False
D:/Study_tests/face_recognition/dataset/emma\00000141.jpg,emma,True
D:/Study_tests/face_recognition/dataset/emma\00000142.jpg,emma,True
D:/Study_tests/face_recognition/dataset/emma\00000143.jpg,emma,True
D:/Study_tests/face_recognition/dataset/emma\00000144.jpg,emma,True
D:/Study_tests/face_recognition/dataset/emma\00000145.jpg,emma,True
D:/Study_tests/face_recognition/dataset/emma\00000146.jpg,emma,True
D:/Study_tests/face_recognition/dataset/emma\00000147.jpg,emma,True
D:/Study_tests/face_recognition/dataset/emma\00000148.jpg,emma,True
D:/Study_tests/face_recognition/dataset/emma\00000149.jpg,emma,True
D:/Study_tests/face_recognition/dataset/emma\00000150.jpg,emma,True
D:/Study_tests/face_recognition/dataset/emma\00000151.jpg,emma,True
D:/Study_tests/face_recognition/dataset/emma\00000152.jpg,emma,True
D:/Study_tests/face_recognition/dataset/emma\00000153.jpg,emma,True
D:/Study_tests/face_recognition/dataset/emma\00000154.jpg,emma,True
D:/Study_tests/face_recognition/dataset/emma\00000155.jpg,emma,True
D:/Study_tests/face_recognition/dataset/emma\00000156.jpg,emma,True
D:/Study_tests/face_recognition/dataset/emma\00000157.jpg,emma,True
D:/Study_tests/face_recognition/dataset/emma\00000158.jpg,emma,True
D:/Study_tests/face_recognition/dataset/emma\00000159.jpg,emma,True
D:/Study_tests/face_recognition/dataset/emma\00000160.jpg,emma,True
D:/Study_tests/face_recognition/dataset/emma\00000161.jpg,emma,True
D:/Study_tests/face_recognition/dataset/emma\00000162.jpg,emma,True
D:/Study_tests/face_recognition/dataset/emma\00000163.jpg,emma,True
D:/Study_tests/face_recognition/dataset/emma\00000164.jpg,emma,True
D:/Study_tests/face_recognition/dataset/emma\00000165.jpg,emma,True
D:/Study_tests/face_recognition/dataset/emma\00000166.jpg,emma,True
D:/Study_tests/face_recognition/dataset/emma\00000167.jpg,emma,True
D:/Study_tests/face_recognition/dataset/emma\00000168.jpg,emma,True
D:/Study_tests/face_recognition/dataset/emma\00000169.jpg,emma,True
D:/Study_tests/face_recognition/dataset/emma\00000170.jpg,emma,True
D:/Study_tests/face_recognition/dataset/emma\00000171.jpg,emma,True
D:/Study_tests/face_recognition/dataset/emma\00000172.jpg,emma,True
D:/Study_tests/face_recognition/dataset/emma\00000173.jpg,emma,True
D:/Study_tests/face_recognition/dataset/emma\00000174.jpg,emma,True
D:/Study_tests/face_recognition/dataset/emma\00000175.jpg,emma,True
D:/Study_tests/face_recognition/dataset/emma\00000176.jpg,emma,True
D:/Study_tests/face_recognition/dataset/emma\00000179.jpg,emma,True
D:/Study_tests/face_recognition/dataset/emma\00000180.jpg,emma,True
D:/Study_tests/face_recognition/dataset/emma\00000181.jpg,emma,True
D:/Study_tests/face_recognition/dataset/emma\00000182.jpg,emma,True
D:/Study_tests/face_recognition/dataset/emma\00000183.jpg,emma,True
D:/Study_tests/face_recognition/dataset/emma\00000184.jpg,emma,True
D:/Study_tests/face_recognition/dataset/emma\00000185.jpg,emma,True
D:/Study_tests/face_recognition/dataset/emma\00000186.jpg,emma,True
D:/Study_tests/face_recognition/dataset/emma\00000187.jpg,emma,True
D:/Study_tests/face_recognition/dataset/emma\00000188.jpg,emma,True
D:/Study_tests/face_recognition/dataset/emma\00000189.jpg,emma,True
D:/Study_tests/face_recognition/dataset/emma\00000190.jpg,emma,True
D:/Study_tests/face_recognition/dataset/emma\00000191.jpg,emma,True
D:/Study_tests/face_recognition/dataset/emma\00000192.jpg,emma,False
D:/Study_tests/face_recognition/dataset/emma\00000193.jpg,emma,True
D:/Study_tests/face_recognition/dataset/emma\00000194.jpg,emma,True
D:/Study_tests/face_recognition/dataset/emma\00000195.jpg,emma,True
D:/Study_tests/face_recognition/dataset/emma\00000196.jpg,emma,True
D:/Study_tests/face_recognition/dataset/emma\00000197.jpg,emma,True
D:/Study_tests/face_recognition/dataset/emma\00000198.jpg,emma,True
D:/Study_tests/face_recognition/dataset/emma\00000199.jpg,emma,True
D:/Study_tests/face_recognition/dataset/emma\00000200.jpg,emma,True
D:/Study_tests/face_recognition/dataset/emma\00000201.jpg,emma,True
D:/Study_tests/face_recognition/dataset/emma\00000202.jpg,emma,True
D:/Study_tests/face_recognition/dataset/emma\00000203.jpg,emma,True
D:/Study_tests/face_recognition/dataset/gary\00000000.jpg,gary,False
D:/Study_tests/face_recognition/dataset/gary\00000001.jpg,gary,False
D:/Study_tests/face_recognition/dataset/gary\00000002.jpg,gary,False
D:/Study_tests/face_recognition/dataset/gary\00000003.jpg,gary,False
D:/Study_tests/face_recognition/dataset/gary\00000004.jpg,gary,False
D:/Study_tests/face_recognition/dataset/gary\00000006.jpg,gary,False
D:/Study_tests/face_recognition/dataset/gary\00000007.jpg,gary,False
D:/Study_tests/face_recognition/dataset/gary\00000008.jpg,gary,False
D:/Study_tests/face_recognition/dataset/gary\00000009.jpg,gary,False
D:/Study_tests/face_recognition/dataset/gary\00000010.jpg,gary,False
D:/Study_tests/face_recognition/dataset/gary\00000011.jpg,gary,False
D:/Study_tests/face_recognition/dataset/gary\00000012.jpg,gary,False
D:/Study_tests/face_recognition/dataset/gary\00000013.jpg,gary,False
D:/Study_tests/face_recognition/dataset/gary\00000014.png,gary,False
D:/Study_tests/face_recognition/dataset/gary\00000015.jpg,gary,False
D:/Study_tests/face_recognition/dataset/gary\00000016.jpg,gary,False
D:/Study_tests/face_recognition/dataset/gary\00000017.jpg,gary,False
D:/Study_tests/face_recognition/dataset/gary\00000018.jpg,gary,False
D:/Study_tests/face_recognition/dataset/gary\00000019.jpg,gary,False
D:/Study_tests/face_recognition/dataset/gary\00000020.jpg,gary,False
D:/Study_tests/face_recognition/dataset/gary\00000021.jpg,gary,False
D:/Study_tests/face_recognition/dataset/gary\00000022.jpg,gary,False
D:/Study_tests/face_recognition/dataset/gary\00000023.jpg,gary,False
D:/Study_tests/face_recognition/dataset/gary\00000024.jpg,gary,False
D:/Study_tests/face_recognition/dataset/gary\00000025.jpg,gary,False
D:/Study_tests/face_recognition/dataset/gary\00000026.jpg,gary,False
D:/Study_tests/face_recognition/dataset/gary\00000027.jpg,gary,False
D:/Study_tests/face_recognition/dataset/gary\00000028.jpg,gary,False
D:/Study_tests/face_recognition/dataset/gary\00000029.jpg,gary,False
D:/Study_tests/face_recognition/dataset/gary\00000030.jpg,gary,False
D:/Study_tests/face_recognition/dataset/gary\00000031.jpg,gary,False
D:/Study_tests/face_recognition/dataset/gary\00000032.jpg,gary,False
D:/Study_tests/face_recognition/dataset/gary\00000033.jpg,gary,False
D:/Study_tests/face_recognition/dataset/gary\00000034.jpg,gary,False
D:/Study_tests/face_recognition/dataset/gary\00000035.jpg,gary,False
D:/Study_tests/face_recognition/dataset/gary\00000036.jpg,gary,False
D:/Study_tests/face_recognition/dataset/gary\00000037.jpg,gary,False
D:/Study_tests/face_recognition/dataset/gary\00000038.jpg,gary,False
D:/Study_tests/face_recognition/dataset/gary\00000039.jpg,gary,False
D:/Study_tests/face_recognition/dataset/gary\00000040.jpg,gary,False
D:/Study_tests/face_recognition/dataset/gary\00000041.jpg,gary,False
D:/Study_tests/face_recognition/dataset/gary\00000042.png,gary,False
D:/Study_tests/face_recognition/dataset/gary\00000043.jpg,gary,False
D:/Study_tests/face_recognition/dataset/gary\00000044.jpg,gary,False
D:/Study_tests/face_recognition/dataset/gary\00000045.jpg,gary,False
D:/Study_tests/face_recognition/dataset/gary\00000046.jpg,gary,False
D:/Study_tests/face_recognition/dataset/gary\00000047.jpg,gary,False
D:/Study_tests/face_recognition/dataset/gary\00000048.jpg,gary,False
D:/Study_tests/face_recognition/dataset/gary\00000049.jpg,gary,False
D:/Study_tests/face_recognition/dataset/gary\00000050.jpg,gary,False
D:/Study_tests/face_recognition/dataset/gary\00000051.jpg,gary,False
D:/Study_tests/face_recognition/dataset/gary\00000052.jpg,gary,False
D:/Study_tests/face_recognition/dataset/gary\00000053.jpg,gary,False
D:/Study_tests/face_recognition/dataset/gary\00000054.jpg,gary,False
D:/Study_tests/face_recognition/dataset/gary\00000055.jpg,gary,False
D:/Study_tests/face_recognition/dataset/gary\00000056.jpg,gary,False
D:/Study_tests/face_recognition/dataset/gary\00000057.jpg,gary,False
D:/Study_tests/face_recognition/dataset/gary\00000058.jpg,gary,False
D:/Study_tests/face_recognition/dataset/gary\00000059.jpg,gary,False
D:/Study_tests/face_recognition/dataset/gary\00000060.jpg,gary,False
D:/Study_tests/face_recognition/dataset/gary\00000061.jpg,gary,False
D:/Study_tests/face_recognition/dataset/gary\00000062.jpg,gary,False
D:/Study_tests/face_recognition/dataset/gary\00000063.jpg,gary,False
D:/Study_tests/face_recognition/dataset/gary\00000064.jpg,gary,False
D:/Study_tests/face_recognition/dataset/gary\00000065.jpg,gary,False
D:/Study_tests/face_recognition/dataset/gary\00000066.jpg,gary,False
D:/Study_tests/face_recognition/dataset/gary\00000067.jpg,gary,False
D:/Study_tests/face_recognition/dataset/gary\00000068.png,gary,False
D:/Study_tests/face_recognition/dataset/gary\00000069.jpg,gary,False
D:/Study_tests/face_recognition/dataset/gary\00000070.jpg,gary,False
D:/Study_tests/face_recognition/dataset/gary\00000071.jpg,gary,False
D:/Study_tests/face_recognition/dataset/gary\00000072.jpg,gary,False
D:/Study_tests/face_recognition/dataset/gary\00000073.jpg,gary,False
D:/Study_tests/face_recognition/dataset/gary\00000074.jpeg,gary,False
D:/Study_tests/face_recognition/dataset/gary\00000075.jpg,gary,False
D:/Study_tests/face_recognition/dataset/gary\00000076.jpg,gary,False
D:/Study_tests/face_recognition/dataset/gary\00000077.jpg,gary,False
D:/Study_tests/face_recognition/dataset/gary\00000078.jpg,gary,False
D:/Study_tests/face_recognition/dataset/gary\00000079.jpg,gary,False
D:/Study_tests/face_recognition/dataset/gary\00000080.jpg,gary,False
D:/Study_tests/face_recognition/dataset/gary\00000081.jpg,gary,False
D:/Study_tests/face_recognition/dataset/gary\00000082.jpg,gary,False
D:/Study_tests/face_recognition/dataset/gary\00000083.jpg,gary,False
D:/Study_tests/face_recognition/dataset/gary\00000084.jpg,gary,False
D:/Study_tests/face_recognition/dataset/gary\00000085.jpg,gary,False
D:/Study_tests/face_recognition/dataset/gary\00000086.jpg,gary,False
D:/Study_tests/face_recognition/dataset/gary\00000087.jpg,gary,False
D:/Study_tests/face_recognition/dataset/gary\00000088.jpg,gary,False
D:/Study_tests/face_recognition/dataset/gary\00000089.jpg,gary,False
D:/Study_tests/face_recognition/dataset/gary\00000090.jpg,gary,False
D:/Study_tests/face_recognition/dataset/gary\00000091.jpg,gary,False
D:/Study_tests/face_recognition/dataset/gary\00000092.jpg,gary,False
D:/Study_tests/face_recognition/dataset/gary\00000093.jpg,gary,False
D:/Study_tests/face_recognition/dataset/gary\00000094.jpg,gary,False
D:/Study_tests/face_recognition/dataset/gary\00000095.jpg,gary,False
D:/Study_tests/face_recognition/dataset/gary\00000096.jpg,gary,False
D:/Study_tests/face_recognition/dataset/gary\00000097.jpg,gary,False
D:/Study_tests/face_recognition/dataset/gary\00000098.jpg,gary,False
D:/Study_tests/face_recognition/dataset/gary\00000099.jpg,gary,False
D:/Study_tests/face_recognition/dataset/gary\00000100.jpg,gary,False
D:/Study_tests/face_recognition/dataset/gary\00000101.jpg,gary,False
D:/Study_tests/face_recognition/dataset/gary\00000102.jpg,gary,False
D:/Study_tests/face_recognition/dataset/gary\00000103.jpg,gary,False
D:/Study_tests/face_recognition/dataset/gary\00000104.png,gary,False
D:/Study_tests/face_recognition/dataset/gary\00000105.jpg,gary,False
D:/Study_tests/face_recognition/dataset/gary\00000106.jpg,gary,False
D:/Study_tests/face_recognition/dataset/gary\00000107.png,gary,False
D:/Study_tests/face_recognition/dataset/gary\00000108.jpg,gary,False
D:/Study_tests/face_recognition/dataset/gary\00000109.jpg,gary,False
D:/Study_tests/face_recognition/dataset/gary\00000110.jpeg,gary,False
D:/Study_tests/face_recognition/dataset/gary\00000111.jpg,gary,False
D:/Study_tests/face_recognition/dataset/gary\00000112.jpg,gary,False
D:/Study_tests/face_recognition/dataset/gary\00000113.jpg,gary,False
D:/Study_tests/face_recognition/dataset/gary\00000114.jpg,gary,False
D:/Study_tests/face_recognition/dataset/gary\00000115.jpg,gary,False
D:/Study_tests/face_recognition/dataset/gary\00000116.jpg,gary,False
D:/Study_tests/face_recognition/dataset/gary\00000117.jpg,gary,False
D:/Study_tests/face_recognition/dataset/gary\00000118.jpg,gary,False
D:/Study_tests/face_recognition/dataset/gary\00000119.png,gary,False
D:/Study_tests/face_recognition/dataset/gary\00000120.jpg,gary,False
D:/Study_tests/face_recognition/dataset/gary\00000121.jpg,gary,False
D:/Study_tests/face_recognition/dataset/gary\00000122.jpg,gary,False
D:/Study_tests/face_recognition/dataset/gary\00000123.jpg,gary,False
D:/Study_tests/face_recognition/dataset/gary\00000124.jpg,gary,False
D:/Study_tests/face_recognition/dataset/gary\00000125.jpg,gary,False
D:/Study_tests/face_recognition/dataset/gary\00000126.jpg,gary,False
D:/Study_tests/face_recognition/dataset/gary\00000127.jpg,gary,False
D:/Study_tests/face_recognition/dataset/gary\00000128.jpg,gary,False
D:/Study_tests/face_recognition/dataset/gary\00000129.jpg,gary,False
D:/Study_tests/face_recognition/dataset/gary\00000130.jpg,gary,False
D:/Study_tests/face_recognition/dataset/gary\00000131.jpg,gary,False
D:/Study_tests/face_recognition/dataset/gary\00000132.jpg,gary,False
D:/Study_tests/face_recognition/dataset/gary\00000133.jpg,gary,False
D:/Study_tests/face_recognition/dataset/gary\00000134.jpg,gary,False
D:/Study_tests/face_recognition/dataset/gary\00000135.jpg,gary,False
D:/Study_tests/face_recognition/dataset/gary\00000136.jpg,gary,False
D:/Study_tests/face_recognition/dataset/gary\00000137.jpg,gary,False
D:/Study_tests/face_recognition/dataset/gary\00000138.jpg,gary,False
D:/Study_tests/face_recognition/dataset/gary\00000139.jpg,gary,False
D:/Study_tests/face_recognition/dataset/gary\00000140.jpg,gary,False
D:/Study_tests/face_recognition/dataset/gary\00000141.jpg,gary,False
D:/Study_tests/face_recognition/dataset/gary\00000142.png,gary,False
D:/Study_tests/face_recognition/dataset/gary\00000143.jpg,gary,False
D:/Study_tests/face_recognition/dataset/gary\00000144.jpg,gary,False
D:/Study_tests/face_recognition/dataset/gary\00000145.jpg,gary,False
D:/Study_tests/face_recognition/dataset/gary\00000146.jpg,gary,False
D:/Study_tests/face_recognition/dataset/gary\00000147.jpg,gary,False
D:/Study_tests/face_recognition/dataset/gary\00000148.jpg#keepProtocol,gary,False
D:/Study_tests/face_recognition/dataset/gary\00000149.png,gary,False
D:/Study_tests/face_recognition/dataset/gary\00000150.jpg,gary,False
D:/Study_tests/face_recognition/dataset/gary\00000151.jpg,gary,False
D:/Study_tests/face_recognition/dataset/gary\00000152.jpg,gary,False
D:/Study_tests/face_recognition/dataset/gary\00000153.jpg,gary,False
D:/Study_tests/face_recognition/dataset/gary\00000154.jpg,gary,False
D:/Study_tests/face_recognition/dataset/gary\00000155.jpg,gary,False
D:/Study_tests/face_recognition/dataset/gary\00000156.jpg,gary,False
D:/Study_tests/face_recognition/dataset/gary\00000157.jpg,gary,False
D:/Study_tests/face_recognition/dataset/gary\00000158.JPG,gary,False
D:/Study_tests/face_recognition/dataset/gary\00000159.jpg,gary,False
D:/Study_tests/face_recognition/dataset/gary\00000160.jpg,gary,False
D:/Study_tests/face_recognition/dataset/gary\00000161.jpg,gary,False
D:/Study_tests/face_recognition/dataset/gary\00000162.jpg,gary,False
D:/Study_tests/face_recognition/dataset/gary\00000163.jpg,gary,False
D:/Study_tests/face_recognition/dataset/gary\00000164.jpg,gary,False
D:/Study_tests/face_recognition/dataset/gary\00000165.cjs0OTY2MztqOzE4MDkwOzEyMDA7MjA0MzszMDAw,gary,False
D:/Study_tests/face_recognition/dataset/gary\00000166.jpg,gary,False
D:/Study_tests/face_recognition/dataset/gary\00000167.jpg,gary,False
D:/Study_tests/face_recognition/dataset/gary\00000168.jpg,gary,False
D:/Study_tests/face_recognition/dataset/gary\00000169.jpg,gary,False
D:/Study_tests/face_recognition/dataset/gary\00000170.jpg,gary,False
D:/Study_tests/face_recognition/dataset/gary\00000171.png,gary,False
D:/Study_tests/face_recognition/dataset/gary\00000172.png,gary,False
D:/Study_tests/face_recognition/dataset/gary\00000173.jpg,gary,False
D:/Study_tests/face_recognition/dataset/gary\00000174.jpg,gary,False
D:/Study_tests/face_recognition/dataset/gary\00000175.jpg,gary,False
D:/Study_tests/face_recognition/dataset/gary\00000176.jpg,gary,False
D:/Study_tests/face_recognition/dataset/gary\00000177.jpg,gary,False
D:/Study_tests/face_recognition/dataset/gary\00000178.jpg,gary,False
D:/Study_tests/face_recognition/dataset/gary\00000179.jpg,gary,False
D:/Study_tests/face_recognition/dataset/gary\00000180.jpg,gary,False
D:/Study_tests/face_recognition/dataset/gary\00000181.jpg,gary,False
D:/Study_tests/face_recognition/dataset/gary\00000182.jpg,gary,False
D:/Study_tests/face_recognition/dataset/gary\00000183.jpg,gary,False
D:/Study_tests/face_recognition/dataset/gary\00000184.jpg,gary,False
D:/Study_tests/face_recognition/dataset/gary\00000185.jpg,gary,False
D:/Study_tests/face_recognition/dataset/gary\00000186.jpg,gary,False
D:/Study_tests/face_recognition/dataset/gary\00000187.jpg,gary,False
D:/Study_tests/face_recognition/dataset/gary\00000188.jpg,gary,False
D:/Study_tests/face_recognition/dataset/gary\00000189.jpg,gary,False
D:/Study_tests/face_recognition/dataset/gary\00000190.jpg,gary,False
D:/Study_tests/face_recognition/dataset/gary\00000191.jpg,gary,False
D:/Study_tests/face_recognition/dataset/gary\00000192.jpg,gary,False
D:/Study_tests/face_recognition/dataset/gary\00000193.jpg,gary,False
D:/Study_tests/face_recognition/dataset/rupert\00000000.jpg,rupert,False
D:/Study_tests/face_recognition/dataset/rupert\00000001.jpg,rupert,False
D:/Study_tests/face_recognition/dataset/rupert\00000002.jpg,rupert,False
D:/Study_tests/face_recognition/dataset/rupert\00000003.jpg,rupert,False
D:/Study_tests/face_recognition/dataset/rupert\00000004.jpg,rupert,False
D:/Study_tests/face_recognition/dataset/rupert\00000005.jpg,rupert,False
D:/Study_tests/face_recognition/dataset/rupert\00000006.png,rupert,False
D:/Study_tests/face_recognition/dataset/rupert\00000007.jpg,rupert,False
D:/Study_tests/face_recognition/dataset/rupert\00000008.jpg,rupert,False
D:/Study_tests/face_recognition/dataset/rupert\00000009.jpg,rupert,False
D:/Study_tests/face_recognition/dataset/rupert\00000010.jpg,rupert,False
D:/Study_tests/face_recognition/dataset/rupert\00000011.jpg,rupert,False
D:/Study_tests/face_recognition/dataset/rupert\00000012.png,rupert,False
D:/Study_tests/face_recognition/dataset/rupert\00000013.jpg,rupert,False
D:/Study_tests/face_recognition/dataset/rupert\00000014.jpg,rupert,False
D:/Study_tests/face_recognition/dataset/rupert\00000015.jpg,rupert,False
D:/Study_tests/face_recognition/dataset/rupert\00000016.jpg,rupert,False
D:/Study_tests/face_recognition/dataset/rupert\00000017.jpg,rupert,False
D:/Study_tests/face_recognition/dataset/rupert\00000018.jpg,rupert,False
D:/Study_tests/face_recognition/dataset/rupert\00000019.jpg,rupert,False
D:/Study_tests/face_recognition/dataset/rupert\00000020.jpeg,rupert,False
D:/Study_tests/face_recognition/dataset/rupert\00000021.jpg,rupert,False
D:/Study_tests/face_recognition/dataset/rupert\00000022.jpg,rupert,False
D:/Study_tests/face_recognition/dataset/rupert\00000023.jpg,rupert,False
D:/Study_tests/face_recognition/dataset/rupert\00000024.jpg,rupert,False
D:/Study_tests/face_recognition/dataset/rupert\00000025.jpg,rupert,False
D:/Study_tests/face_recognition/dataset/rupert\00000026.jpg,rupert,False
D:/Study_tests/face_recognition/dataset/rupert\00000027.jpg,rupert,False
D:/Study_tests/face_recognition/dataset/rupert\00000028.jpg,rupert,False
D:/Study_tests/face_recognition/dataset/rupert\00000029.jpg,rupert,False
D:/Study_tests/face_recognition/dataset/rupert\00000030.jpg,rupert,False
D:/Study_tests/face_recognition/dataset/rupert\00000031.jpg,rupert,False
D:/Study_tests/face_recognition/dataset/rupert\00000032.jpg,rupert,False
D:/Study_tests/face_recognition/dataset/rupert\00000033.jpg,rupert,False
D:/Study_tests/face_recognition/dataset/rupert\00000034.jpeg,rupert,False
D:/Study_tests/face_recognition/dataset/rupert\00000035.jpg,rupert,False
D:/Study_tests/face_recognition/dataset/rupert\00000036.jpg,rupert,False
D:/Study_tests/face_recognition/dataset/rupert\00000037.jpg,rupert,False
D:/Study_tests/face_recognition/dataset/rupert\00000038.jpg,rupert,False
D:/Study_tests/face_recognition/dataset/rupert\00000039.jpg,rupert,False
D:/Study_tests/face_recognition/dataset/rupert\00000040.jpg,rupert,False
D:/Study_tests/face_recognition/dataset/rupert\00000041.jpg,rupert,False
D:/Study_tests/face_recognition/dataset/rupert\00000042.jpg,rupert,False
D:/Study_tests/face_recognition/dataset/rupert\00000043.jpg,rupert,False
D:/Study_tests/face_recognition/dataset/rupert\00000044.jpg,rupert,False
D:/Study_tests/face_recognition/dataset/rupert\00000045.jpg,rupert,False
D:/Study_tests/face_recognition/dataset/rupert\00000046.jpg,rupert,False
D:/Study_tests/face_recognition/dataset/rupert\00000047.jpg,rupert,False
D:/Study_tests/face_recognition/dataset/rupert\00000048.jpg,rupert,False
D:/Study_tests/face_recognition/dataset/rupert\00000049.jpg,rupert,False
D:/Study_tests/face_recognition/dataset/rupert\00000050.jpg,rupert,False
D:/Study_tests/face_recognition/dataset/rupert\00000051.jpg,rupert,False
D:/Study_tests/face_recognition/dataset/rupert\00000052.jpg,rupert,False
D:/Study_tests/face_recognition/dataset/rupert\00000053.jpg,rupert,False
D:/Study_tests/face_recognition/dataset/rupert\00000054.jpg,rupert,False
D:/Study_tests/face_recognition/dataset/rupert\00000055.jpg,rupert,False
D:/Study_tests/face_recognition/dataset/rupert\00000056.jpg,rupert,False
D:/Study_tests/face_recognition/dataset/rupert\00000057.jpg,rupert,False
D:/Study_tests/face_recognition/dataset/rupert\00000058.jpg,rupert,False
D:/Study_tests/face_recognition/dataset/rupert\00000059.jpg,rupert,False
D:/Study_tests/face_recognition/dataset/rupert\00000060.jpg,rupert,False
D:/Study_tests/face_recognition/dataset/rupert\00000061.jpg,rupert,False
D:/Study_tests/face_recognition/dataset/rupert\00000062.jpg,rupert,False
D:/Study_tests/face_recognition/dataset/rupert\00000063.jpg,rupert,False
D:/Study_tests/face_recognition/dataset/rupert\00000064.jpg,rupert,False
D:/Study_tests/face_recognition/dataset/rupert\00000065.jpg,rupert,False
D:/Study_tests/face_recognition/dataset/rupert\00000066.jpg,rupert,False
D:/Study_tests/face_recognition/dataset/rupert\00000067.jpeg,rupert,False
D:/Study_tests/face_recognition/dataset/rupert\00000068.jpg,rupert,False
D:/Study_tests/face_recognition/dataset/rupert\00000069.jpg,rupert,False
D:/Study_tests/face_recognition/dataset/rupert\00000070.jpg,rupert,False
D:/Study_tests/face_recognition/dataset/rupert\00000071.jpg,rupert,False
D:/Study_tests/face_recognition/dataset/rupert\00000072.jpg,rupert,False
D:/Study_tests/face_recognition/dataset/rupert\00000073.jpeg,rupert,False
D:/Study_tests/face_recognition/dataset/rupert\00000075.jpg,rupert,False
D:/Study_tests/face_recognition/dataset/rupert\00000076.jpg,rupert,False
D:/Study_tests/face_recognition/dataset/rupert\00000077.jpg,rupert,False
D:/Study_tests/face_recognition/dataset/rupert\00000078.jpg,rupert,False
D:/Study_tests/face_recognition/dataset/rupert\00000079.jpg,rupert,False
D:/Study_tests/face_recognition/dataset/rupert\00000080.jpg,rupert,False
D:/Study_tests/face_recognition/dataset/rupert\00000081.jpg,rupert,False
D:/Study_tests/face_recognition/dataset/rupert\00000082.jpg,rupert,False
D:/Study_tests/face_recognition/dataset/rupert\00000083.jpg,rupert,False
D:/Study_tests/face_recognition/dataset/rupert\00000084.jpg,rupert,False
D:/Study_tests/face_recognition/dataset/rupert\00000085.jpg,rupert,False
D:/Study_tests/face_recognition/dataset/rupert\00000086.jpg,rupert,False
D:/Study_tests/face_recognition/dataset/rupert\00000087.jpg,rupert,False
D:/Study_tests/face_recognition/dataset/rupert\00000088.jpg,rupert,False
D:/Study_tests/face_recognition/dataset/rupert\00000089.jpg,rupert,False
D:/Study_tests/face_recognition/dataset/rupert\00000090.jpg,rupert,False
D:/Study_tests/face_recognition/dataset/rupert\00000091.jpg,rupert,False
D:/Study_tests/face_recognition/dataset/rupert\00000092.jpg,rupert,False
D:/Study_tests/face_recognition/dataset/rupert\00000093.jpg,rupert,False
D:/Study_tests/face_recognition/dataset/rupert\00000094.jpeg,rupert,False
D:/Study_tests/face_recognition/dataset/rupert\00000095.jpg,rupert,False
D:/Study_tests/face_recognition/dataset/rupert\00000096.jpg,rupert,False
D:/Study_tests/face_recognition/dataset/rupert\00000097.jpg,rupert,False
D:/Study_tests/face_recognition/dataset/rupert\00000098.jpg,rupert,False
D:/Study_tests/face_recognition/dataset/rupert\00000099.jpg,rupert,False
D:/Study_tests/face_recognition/dataset/rupert\00000100.jpg,rupert,False
D:/Study_tests/face_recognition/dataset/rupert\00000101.jpg,rupert,False
D:/Study_tests/face_recognition/dataset/rupert\00000102.jpeg,rupert,False
D:/Study_tests/face_recognition/dataset/rupert\00000103.jpg,rupert,False
D:/Study_tests/face_recognition/dataset/rupert\00000104.jpg,rupert,False
D:/Study_tests/face_recognition/dataset/rupert\00000105.jpg,rupert,False
D:/Study_tests/face_recognition/dataset/rupert\00000106.jpg,rupert,False
D:/Study_tests/face_recognition/dataset/rupert\00000107.jpg,rupert,False
D:/Study_tests/face_recognition/dataset/rupert\00000108.jpg,rupert,False
D:/Study_tests/face_recognition/dataset/rupert\00000109.jpg,rupert,False
D:/Study_tests/face_recognition/dataset/rupert\00000110.jpg,rupert,False
D:/Study_tests/face_recognition/dataset/rupert\00000111.jpg,rupert,False
D:/Study_tests/face_recognition/dataset/rupert\00000112.jpg,rupert,False
D:/Study_tests/face_recognition/dataset/rupert\00000113.jpg,rupert,False
D:/Study_tests/face_recognition/dataset/rupert\00000115.jpg,rupert,False
D:/Study_tests/face_recognition/dataset/rupert\00000116.jpg,rupert,False
D:/Study_tests/face_recognition/dataset/rupert\00000117.jpg,rupert,False
D:/Study_tests/face_recognition/dataset/rupert\00000118.jpg,rupert,False
D:/Study_tests/face_recognition/dataset/rupert\00000119.jpg,rupert,False
D:/Study_tests/face_recognition/dataset/rupert\00000120.jpg,rupert,False
D:/Study_tests/face_recognition/dataset/rupert\00000121.jpg,rupert,False
D:/Study_tests/face_recognition/dataset/rupert\00000122.jpg,rupert,False
D:/Study_tests/face_recognition/dataset/rupert\00000123.jpg,rupert,False
D:/Study_tests/face_recognition/dataset/rupert\00000124.jpg,rupert,False
D:/Study_tests/face_recognition/dataset/rupert\00000125.jpg,rupert,False
D:/Study_tests/face_recognition/dataset/rupert\00000126.jpeg,rupert,False
D:/Study_tests/face_recognition/dataset/rupert\00000127.jpg,rupert,False
D:/Study_tests/face_recognition/dataset/rupert\00000128.jpg,rupert,False
D:/Study_tests/face_recognition/dataset/rupert\00000129.jpg,rupert,False
D:/Study_tests/face_recognition/dataset/rupert\00000130.jpg,rupert,False
D:/Study_tests/face_recognition/dataset/rupert\00000131.jpg,rupert,False
D:/Study_tests/face_recognition/dataset/rupert\00000132.jpg,rupert,False
D:/Study_tests/face_recognition/dataset/rupert\00000133.jpg,rupert,False
D:/Study_tests/face_recognition/dataset/rupert\00000134.jpg,rupert,False
D:/Study_tests/face_recognition/dataset/rupert\00000135.jpg,rupert,False
D:/Study_tests/face_recognition/dataset/rupert\00000136.jpg,rupert,False
D:/Study_tests/face_recognition/dataset/rupert\00000137.jpg,rupert,False
D:/Study_tests/face_recognition/dataset/rupert\00000138.jpg,rupert,False
D:/Study_tests/face_recognition/dataset/rupert\00000139.jpg,rupert,False
D:/Study_tests/face_recognition/dataset/rupert\00000140.jpg,rupert,False
D:/Study_tests/face_recognition/dataset/rupert\00000141.jpg,rupert,False
D:/Study_tests/face_recognition/dataset/rupert\00000142.jpg,rupert,False
D:/Study_tests/face_recognition/dataset/rupert\00000143.jpg,rupert,False
D:/Study_tests/face_recognition/dataset/rupert\00000144.jpg,rupert,False
D:/Study_tests/face_recognition/dataset/rupert\00000145.jpg,rupert,False
D:/Study_tests/face_recognition/dataset/rupert\00000146.jpg,rupert,False
D:/Study_tests/face_recognition/dataset/rupert\00000147.jpg,rupert,False
D:/Study_tests/face_recognition/dataset/rupert\00000148.jpg,rupert,False
D:/Study_tests/face_recognition/dataset/rupert\00000149.jpg,rupert,False
D:/Study_tests/face_recognition/dataset/rupert\00000150.jpg,rupert,False
D:/Study_tests/face_recognition/dataset/rupert\00000151.jpg,rupert,False
D:/Study_tests/face_recognition/dataset/rupert\00000152.jpg,rupert,False
D:/Study_tests/face_recognition/dataset/rupert\00000153.jpg,rupert,False
D:/Study_tests/face_recognition/dataset/rupert\00000154.jpg,rupert,False
D:/Study_tests/face_recognition/dataset/rupert\00000155.jpg,rupert,False
D:/Study_tests/face_recognition/dataset/rupert\00000156.jpg,rupert,False
D:/Study_tests/face_recognition/dataset/rupert\00000157.jpg,rupert,False
D:/Study_tests/face_recognition/dataset/rupert\00000158.jpg,rupert,False
D:/Study_tests/face_recognition/dataset/rupert\00000159.jpg,rupert,False
D:/Study_tests/face_recognition/dataset/rupert\00000160.jpg,rupert,False
D:/Study_tests/face_recognition/dataset/rupert\00000161.jpg,rupert,False
D:/Study_tests/face_recognition/dataset/rupert\00000162.jpg,rupert,False
D:/Study_tests/face_recognition/dataset/rupert\00000163.jpg,rupert,False
D:/Study_tests/face_recognition/dataset/rupert\00000164.jpg,rupert,False
D:/Study_tests/face_recognition/dataset/rupert\00000165.jpg,rupert,False
D:/Study_tests/face_recognition/dataset/rupert\00000166.jpg,rupert,False
D:/Study_tests/face_recognition/dataset/rupert\00000167.jpg,rupert,False
D:/Study_tests/face_recognition/dataset/rupert\00000168.jpg,rupert,False
D:/Study_tests/face_recognition/dataset/rupert\00000169.jpg,rupert,False
D:/Study_tests/face_recognition/dataset/rupert\00000170.jpg,rupert,False
D:/Study_tests/face_recognition/dataset/rupert\00000171.jpg,rupert,False
D:/Study_tests/face_recognition/dataset/rupert\00000172.jpg,rupert,False
D:/Study_tests/face_recognition/dataset/rupert\00000173.jpg,rupert,False
D:/Study_tests/face_recognition/dataset/rupert\00000174.jpg,rupert,False
D:/Study_tests/face_recognition/dataset/rupert\00000175.jpg,rupert,False
D:/Study_tests/face_recognition/dataset/rupert\00000176.jpg,rupert,False
D:/Study_tests/face_recognition/dataset/rupert\00000177.jpg,rupert,False
D:/Study_tests/face_recognition/dataset/rupert\00000178.jpg,rupert,False
D:/Study_tests/face_recognition/dataset/rupert\00000179.jpg,rupert,False
D:/Study_tests/face_recognition/dataset/rupert\00000180.jpg,rupert,False
D:/Study_tests/face_recognition/dataset/rupert\00000181.jpg,rupert,False
D:/Study_tests/face_recognition/dataset/rupert\00000182.jpg,rupert,False
D:/Study_tests/face_recognition/dataset/rupert\00000183.jpg,rupert,False
D:/Study_tests/face_recognition/dataset/rupert\00000184.jpg,rupert,False
D:/Study_tests/face_recognition/dataset/rupert\00000185.jpg,rupert,False
D:/Study_tests/face_recognition/dataset/rupert\00000186.jpg,rupert,False
D:/Study_tests/face_recognition/dataset/rupert\00000187.jpg,rupert,False
D:/Study_tests/face_recognition/dataset/rupert\00000188.jpg,rupert,False
D:/Study_tests/face_recognition/dataset/rupert\00000189.jpg,rupert,False
D:/Study_tests/face_recognition/dataset/rupert\00000190.jpg,rupert,False
D:/Study_tests/face_recognition/dataset/rupert\00000191.jpg,rupert,False
D:/Study_tests/face_recognition/dataset/rupert\00000192.jpg,rupert,False
D:/Study_tests/face_recognition/dataset/rupert\00000193.jpg,rupert,False
D:/Study_tests/face_recognition/dataset/rupert\00000194.jpg,rupert,False
D:/Study_tests/face_recognition/dataset/rupert\00000195.jpg,rupert,False
D:/Study_tests/face_recognition/dataset/rupert\00000196.jpg,rupert,False
D:/Study_tests/face_recognition/dataset/rupert\00000197.JPG,rupert,False
D:/Study_tests/face_recognition/dataset/rupert\00000198.jpg,rupert,False
D:/Study_tests/face_recognition/dataset/rupert\00000199.jpg,rupert,False
D:/Study_tests/face_recognition/dataset/rupert\00000200.jpg,rupert,False
D:/Study_tests/face_recognition/dataset/rupert\00000201.jpg,rupert,False
D:/Study_tests/face_recognition/dataset/rupert\00000202.jpg,rupert,False
